lesson_id,course_id,lesson_title,lesson_order,duration_minutes
1,1,Lesson 1 of Course 1,1,22
2,1,Lesson 2 of Course 1,2,11
3,1,Lesson 3 of Course 1,3,29
4,1,Lesson 4 of Course 1,4,26
5,2,Lesson 1 of Course 2,1,27
6,2,Lesson 2 of Course 2,2,26
7,2,Lesson 3 of Course 2,3,13
8,2,Lesson 4 of Course 2,4,7
9,2,Lesson 5 of Course 2,5,19
10,2,Lesson 6 of Course 2,6,18
11,3,Lesson 1 of Course 3,1,12
12,3,Lesson 2 of Course 3,2,8
13,3,Lesson 3 of Course 3,3,10
14,3,Lesson 4 of Course 3,4,20
15,3,Lesson 5 of Course 3,5,19
16,3,Lesson 6 of Course 3,6,18
17,4,Lesson 1 of Course 4,1,13
18,4,Lesson 2 of Course 4,2,16
19,4,Lesson 3 of Course 4,3,27
20,5,Lesson 1 of Course 5,1,20
21,5,Lesson 2 of Course 5,2,30
22,5,Lesson 3 of Course 5,3,23
23,6,Lesson 1 of Course 6,1,23
24,6,Lesson 2 of Course 6,2,11
25,6,Lesson 3 of Course 6,3,8
26,6,Lesson 4 of Course 6,4,20
27,7,Lesson 1 of Course 7,1,30
28,7,Lesson 2 of Course 7,2,21
29,7,Lesson 3 of Course 7,3,17
30,7,Lesson 4 of Course 7,4,17
31,7,Lesson 5 of Course 7,5,7
32,8,Lesson 1 of Course 8,1,27
33,8,Lesson 2 of Course 8,2,14
34,8,Lesson 3 of Course 8,3,19
35,8,Lesson 4 of Course 8,4,16
36,8,Lesson 5 of Course 8,5,30
37,9,Lesson 1 of Course 9,1,16
38,9,Lesson 2 of Course 9,2,22
39,9,Lesson 3 of Course 9,3,30
40,9,Lesson 4 of Course 9,4,11
41,9,Lesson 5 of Course 9,5,27
42,9,Lesson 6 of Course 9,6,12
43,9,Lesson 7 of Course 9,7,29
44,9,Lesson 8 of Course 9,8,12
45,10,Lesson 1 of Course 10,1,18
46,10,Lesson 2 of Course 10,2,12
47,10,Lesson 3 of Course 10,3,14
48,10,Lesson 4 of Course 10,4,18
49,11,Lesson 1 of Course 11,1,28
50,11,Lesson 2 of Course 11,2,23
51,11,Lesson 3 of Course 11,3,9
52,11,Lesson 4 of Course 11,4,9
53,11,Lesson 5 of Course 11,5,24
54,11,Lesson 6 of Course 11,6,16
55,12,Lesson 1 of Course 12,1,11
56,12,Lesson 2 of Course 12,2,19
57,12,Lesson 3 of Course 12,3,16
58,12,Lesson 4 of Course 12,4,5
59,12,Lesson 5 of Course 12,5,22
60,12,Lesson 6 of Course 12,6,8
61,13,Lesson 1 of Course 13,1,8
62,13,Lesson 2 of Course 13,2,21
63,13,Lesson 3 of Course 13,3,28
64,13,Lesson 4 of Course 13,4,19
65,13,Lesson 5 of Course 13,5,24
66,13,Lesson 6 of Course 13,6,8
67,13,Lesson 7 of Course 13,7,21
68,14,Lesson 1 of Course 14,1,12
69,14,Lesson 2 of Course 14,2,20
70,14,Lesson 3 of Course 14,3,10
71,14,Lesson 4 of Course 14,4,15
72,15,Lesson 1 of Course 15,1,29
73,15,Lesson 2 of Course 15,2,9
74,15,Lesson 3 of Course 15,3,16
75,15,Lesson 4 of Course 15,4,11
76,15,Lesson 5 of Course 15,5,22
77,16,Lesson 1 of Course 16,1,19
78,16,Lesson 2 of Course 16,2,29
79,16,Lesson 3 of Course 16,3,16
80,16,Lesson 4 of Course 16,4,18
81,16,Lesson 5 of Course 16,5,25
82,16,Lesson 6 of Course 16,6,11
83,16,Lesson 7 of Course 16,7,23
84,16,Lesson 8 of Course 16,8,17
85,17,Lesson 1 of Course 17,1,21
86,17,Lesson 2 of Course 17,2,30
87,17,Lesson 3 of Course 17,3,5
88,17,Lesson 4 of Course 17,4,23
89,17,Lesson 5 of Course 17,5,8
90,18,Lesson 1 of Course 18,1,19
91,18,Lesson 2 of Course 18,2,26
92,18,Lesson 3 of Course 18,3,20
93,18,Lesson 4 of Course 18,4,20
94,18,Lesson 5 of Course 18,5,13
95,18,Lesson 6 of Course 18,6,14
96,18,Lesson 7 of Course 18,7,30
97,18,Lesson 8 of Course 18,8,29
98,19,Lesson 1 of Course 19,1,25
99,19,Lesson 2 of Course 19,2,8
100,19,Lesson 3 of Course 19,3,7
101,19,Lesson 4 of Course 19,4,18
102,20,Lesson 1 of Course 20,1,23
103,20,Lesson 2 of Course 20,2,29
104,20,Lesson 3 of Course 20,3,12
105,20,Lesson 4 of Course 20,4,28
106,20,Lesson 5 of Course 20,5,19
107,20,Lesson 6 of Course 20,6,24
108,20,Lesson 7 of Course 20,7,20
109,21,Lesson 1 of Course 21,1,11
110,21,Lesson 2 of Course 21,2,30
111,21,Lesson 3 of Course 21,3,7
112,21,Lesson 4 of Course 21,4,16
113,22,Lesson 1 of Course 22,1,7
114,22,Lesson 2 of Course 22,2,15
115,22,Lesson 3 of Course 22,3,22
116,22,Lesson 4 of Course 22,4,16
117,22,Lesson 5 of Course 22,5,5
118,22,Lesson 6 of Course 22,6,15
119,23,Lesson 1 of Course 23,1,5
120,23,Lesson 2 of Course 23,2,12
121,23,Lesson 3 of Course 23,3,15
122,23,Lesson 4 of Course 23,4,23
123,23,Lesson 5 of Course 23,5,23
124,23,Lesson 6 of Course 23,6,23
125,24,Lesson 1 of Course 24,1,7
126,24,Lesson 2 of Course 24,2,9
127,24,Lesson 3 of Course 24,3,15
128,24,Lesson 4 of Course 24,4,25
129,24,Lesson 5 of Course 24,5,18
130,25,Lesson 1 of Course 25,1,24
131,25,Lesson 2 of Course 25,2,6
132,25,Lesson 3 of Course 25,3,12
133,25,Lesson 4 of Course 25,4,24
134,25,Lesson 5 of Course 25,5,21
135,25,Lesson 6 of Course 25,6,8
136,26,Lesson 1 of Course 26,1,14
137,26,Lesson 2 of Course 26,2,8
138,26,Lesson 3 of Course 26,3,19
139,26,Lesson 4 of Course 26,4,11
140,26,Lesson 5 of Course 26,5,10
141,27,Lesson 1 of Course 27,1,12
142,27,Lesson 2 of Course 27,2,26
143,27,Lesson 3 of Course 27,3,21
144,28,Lesson 1 of Course 28,1,24
145,28,Lesson 2 of Course 28,2,11
146,28,Lesson 3 of Course 28,3,28
147,28,Lesson 4 of Course 28,4,21
148,28,Lesson 5 of Course 28,5,17
149,29,Lesson 1 of Course 29,1,8
150,29,Lesson 2 of Course 29,2,13
151,29,Lesson 3 of Course 29,3,15
152,29,Lesson 4 of Course 29,4,14
153,30,Lesson 1 of Course 30,1,23
154,30,Lesson 2 of Course 30,2,10
155,30,Lesson 3 of Course 30,3,9
156,30,Lesson 4 of Course 30,4,5
157,30,Lesson 5 of Course 30,5,17
158,30,Lesson 6 of Course 30,6,6
159,31,Lesson 1 of Course 31,1,22
160,31,Lesson 2 of Course 31,2,12
161,31,Lesson 3 of Course 31,3,20
162,31,Lesson 4 of Course 31,4,24
163,31,Lesson 5 of Course 31,5,24
164,32,Lesson 1 of Course 32,1,21
165,32,Lesson 2 of Course 32,2,13
166,32,Lesson 3 of Course 32,3,25
167,32,Lesson 4 of Course 32,4,30
168,32,Lesson 5 of Course 32,5,10
169,32,Lesson 6 of Course 32,6,9
170,32,Lesson 7 of Course 32,7,5
171,32,Lesson 8 of Course 32,8,10
172,33,Lesson 1 of Course 33,1,28
173,33,Lesson 2 of Course 33,2,6
174,33,Lesson 3 of Course 33,3,11
175,33,Lesson 4 of Course 33,4,22
176,34,Lesson 1 of Course 34,1,27
177,34,Lesson 2 of Course 34,2,21
178,34,Lesson 3 of Course 34,3,22
179,34,Lesson 4 of Course 34,4,24
180,34,Lesson 5 of Course 34,5,5
181,34,Lesson 6 of Course 34,6,6
182,35,Lesson 1 of Course 35,1,20
183,35,Lesson 2 of Course 35,2,13
184,35,Lesson 3 of Course 35,3,10
185,35,Lesson 4 of Course 35,4,6
186,35,Lesson 5 of Course 35,5,10
187,35,Lesson 6 of Course 35,6,24
188,35,Lesson 7 of Course 35,7,13
189,36,Lesson 1 of Course 36,1,20
190,36,Lesson 2 of Course 36,2,12
191,36,Lesson 3 of Course 36,3,8
192,36,Lesson 4 of Course 36,4,7
193,36,Lesson 5 of Course 36,5,29
194,36,Lesson 6 of Course 36,6,21
195,37,Lesson 1 of Course 37,1,14
196,37,Lesson 2 of Course 37,2,6
197,37,Lesson 3 of Course 37,3,24
198,37,Lesson 4 of Course 37,4,21
199,37,Lesson 5 of Course 37,5,26
200,37,Lesson 6 of Course 37,6,11
201,37,Lesson 7 of Course 37,7,24
202,38,Lesson 1 of Course 38,1,30
203,38,Lesson 2 of Course 38,2,13
204,38,Lesson 3 of Course 38,3,16
205,38,Lesson 4 of Course 38,4,24
206,38,Lesson 5 of Course 38,5,8
207,38,Lesson 6 of Course 38,6,30
208,38,Lesson 7 of Course 38,7,18
209,38,Lesson 8 of Course 38,8,7
210,39,Lesson 1 of Course 39,1,24
211,39,Lesson 2 of Course 39,2,10
212,39,Lesson 3 of Course 39,3,23
213,39,Lesson 4 of Course 39,4,28
214,39,Lesson 5 of Course 39,5,26
215,39,Lesson 6 of Course 39,6,23
216,40,Lesson 1 of Course 40,1,17
217,40,Lesson 2 of Course 40,2,12
218,40,Lesson 3 of Course 40,3,15
219,40,Lesson 4 of Course 40,4,23
220,41,Lesson 1 of Course 41,1,13
221,41,Lesson 2 of Course 41,2,5
222,41,Lesson 3 of Course 41,3,26
223,41,Lesson 4 of Course 41,4,18
224,41,Lesson 5 of Course 41,5,20
225,41,Lesson 6 of Course 41,6,24
226,42,Lesson 1 of Course 42,1,22
227,42,Lesson 2 of Course 42,2,7
228,42,Lesson 3 of Course 42,3,22
229,42,Lesson 4 of Course 42,4,21
230,42,Lesson 5 of Course 42,5,25
231,42,Lesson 6 of Course 42,6,26
232,43,Lesson 1 of Course 43,1,20
233,43,Lesson 2 of Course 43,2,10
234,43,Lesson 3 of Course 43,3,30
235,43,Lesson 4 of Course 43,4,14
236,44,Lesson 1 of Course 44,1,30
237,44,Lesson 2 of Course 44,2,29
238,44,Lesson 3 of Course 44,3,24
239,44,Lesson 4 of Course 44,4,12
240,45,Lesson 1 of Course 45,1,27
241,45,Lesson 2 of Course 45,2,19
242,45,Lesson 3 of Course 45,3,9
243,45,Lesson 4 of Course 45,4,15
244,45,Lesson 5 of Course 45,5,23
245,46,Lesson 1 of Course 46,1,20
246,46,Lesson 2 of Course 46,2,7
247,46,Lesson 3 of Course 46,3,8
248,46,Lesson 4 of Course 46,4,10
249,46,Lesson 5 of Course 46,5,30
250,46,Lesson 6 of Course 46,6,8
251,46,Lesson 7 of Course 46,7,25
252,46,Lesson 8 of Course 46,8,16
253,47,Lesson 1 of Course 47,1,19
254,47,Lesson 2 of Course 47,2,20
255,47,Lesson 3 of Course 47,3,14
256,47,Lesson 4 of Course 47,4,8
257,48,Lesson 1 of Course 48,1,20
258,48,Lesson 2 of Course 48,2,17
259,48,Lesson 3 of Course 48,3,9
260,48,Lesson 4 of Course 48,4,19
261,48,Lesson 5 of Course 48,5,25
262,48,Lesson 6 of Course 48,6,12
263,49,Lesson 1 of Course 49,1,9
264,49,Lesson 2 of Course 49,2,20
265,49,Lesson 3 of Course 49,3,5
266,50,Lesson 1 of Course 50,1,15
267,50,Lesson 2 of Course 50,2,25
268,50,Lesson 3 of Course 50,3,12
269,50,Lesson 4 of Course 50,4,23
270,50,Lesson 5 of Course 50,5,5
271,50,Lesson 6 of Course 50,6,28
272,50,Lesson 7 of Course 50,7,28
273,50,Lesson 8 of Course 50,8,27
274,51,Lesson 1 of Course 51,1,7
275,51,Lesson 2 of Course 51,2,17
276,51,Lesson 3 of Course 51,3,30
277,51,Lesson 4 of Course 51,4,12
278,52,Lesson 1 of Course 52,1,6
279,52,Lesson 2 of Course 52,2,9
280,52,Lesson 3 of Course 52,3,20
281,52,Lesson 4 of Course 52,4,19
282,52,Lesson 5 of Course 52,5,24
283,52,Lesson 6 of Course 52,6,9
284,53,Lesson 1 of Course 53,1,19
285,53,Lesson 2 of Course 53,2,19
286,53,Lesson 3 of Course 53,3,10
287,53,Lesson 4 of Course 53,4,24
288,53,Lesson 5 of Course 53,5,17
289,54,Lesson 1 of Course 54,1,20
290,54,Lesson 2 of Course 54,2,9
291,54,Lesson 3 of Course 54,3,17
292,54,Lesson 4 of Course 54,4,30
293,55,Lesson 1 of Course 55,1,5
294,55,Lesson 2 of Course 55,2,7
295,55,Lesson 3 of Course 55,3,25
296,55,Lesson 4 of Course 55,4,25
297,55,Lesson 5 of Course 55,5,13
298,55,Lesson 6 of Course 55,6,8
299,56,Lesson 1 of Course 56,1,23
300,56,Lesson 2 of Course 56,2,18
301,56,Lesson 3 of Course 56,3,25
302,56,Lesson 4 of Course 56,4,10
303,56,Lesson 5 of Course 56,5,22
304,56,Lesson 6 of Course 56,6,28
305,56,Lesson 7 of Course 56,7,15
306,56,Lesson 8 of Course 56,8,6
307,57,Lesson 1 of Course 57,1,13
308,57,Lesson 2 of Course 57,2,15
309,57,Lesson 3 of Course 57,3,24
310,57,Lesson 4 of Course 57,4,23
311,58,Lesson 1 of Course 58,1,30
312,58,Lesson 2 of Course 58,2,6
313,58,Lesson 3 of Course 58,3,27
314,58,Lesson 4 of Course 58,4,12
315,58,Lesson 5 of Course 58,5,27
316,58,Lesson 6 of Course 58,6,10
317,59,Lesson 1 of Course 59,1,10
318,59,Lesson 2 of Course 59,2,16
319,59,Lesson 3 of Course 59,3,28
320,59,Lesson 4 of Course 59,4,5
321,59,Lesson 5 of Course 59,5,26
322,59,Lesson 6 of Course 59,6,16
323,59,Lesson 7 of Course 59,7,28
324,60,Lesson 1 of Course 60,1,16
325,60,Lesson 2 of Course 60,2,22
326,60,Lesson 3 of Course 60,3,20
327,60,Lesson 4 of Course 60,4,10
328,61,Lesson 1 of Course 61,1,26
329,61,Lesson 2 of Course 61,2,13
330,61,Lesson 3 of Course 61,3,15
331,61,Lesson 4 of Course 61,4,14
332,61,Lesson 5 of Course 61,5,5
333,62,Lesson 1 of Course 62,1,12
334,62,Lesson 2 of Course 62,2,25
335,62,Lesson 3 of Course 62,3,12
336,62,Lesson 4 of Course 62,4,26
337,62,Lesson 5 of Course 62,5,11
338,62,Lesson 6 of Course 62,6,28
339,62,Lesson 7 of Course 62,7,27
340,62,Lesson 8 of Course 62,8,8
341,63,Lesson 1 of Course 63,1,17
342,63,Lesson 2 of Course 63,2,14
343,63,Lesson 3 of Course 63,3,22
344,63,Lesson 4 of Course 63,4,5
345,64,Lesson 1 of Course 64,1,11
346,64,Lesson 2 of Course 64,2,29
347,64,Lesson 3 of Course 64,3,9
348,64,Lesson 4 of Course 64,4,16
349,64,Lesson 5 of Course 64,5,21
350,64,Lesson 6 of Course 64,6,29
351,64,Lesson 7 of Course 64,7,28
352,64,Lesson 8 of Course 64,8,9
353,65,Lesson 1 of Course 65,1,27
354,65,Lesson 2 of Course 65,2,9
355,65,Lesson 3 of Course 65,3,28
356,65,Lesson 4 of Course 65,4,25
357,66,Lesson 1 of Course 66,1,7
358,66,Lesson 2 of Course 66,2,25
359,66,Lesson 3 of Course 66,3,13
360,66,Lesson 4 of Course 66,4,23
361,66,Lesson 5 of Course 66,5,5
362,66,Lesson 6 of Course 66,6,12
363,66,Lesson 7 of Course 66,7,8
364,67,Lesson 1 of Course 67,1,29
365,67,Lesson 2 of Course 67,2,16
366,67,Lesson 3 of Course 67,3,15
367,68,Lesson 1 of Course 68,1,19
368,68,Lesson 2 of Course 68,2,22
369,68,Lesson 3 of Course 68,3,9
370,68,Lesson 4 of Course 68,4,29
371,68,Lesson 5 of Course 68,5,20
372,68,Lesson 6 of Course 68,6,8
373,69,Lesson 1 of Course 69,1,25
374,69,Lesson 2 of Course 69,2,23
375,69,Lesson 3 of Course 69,3,27
376,69,Lesson 4 of Course 69,4,8
377,69,Lesson 5 of Course 69,5,10
378,70,Lesson 1 of Course 70,1,14
379,70,Lesson 2 of Course 70,2,9
380,70,Lesson 3 of Course 70,3,28
381,70,Lesson 4 of Course 70,4,28
382,70,Lesson 5 of Course 70,5,8
383,70,Lesson 6 of Course 70,6,20
384,71,Lesson 1 of Course 71,1,22
385,71,Lesson 2 of Course 71,2,13
386,71,Lesson 3 of Course 71,3,7
387,71,Lesson 4 of Course 71,4,18
388,71,Lesson 5 of Course 71,5,28
389,72,Lesson 1 of Course 72,1,28
390,72,Lesson 2 of Course 72,2,24
391,72,Lesson 3 of Course 72,3,22
392,72,Lesson 4 of Course 72,4,25
393,72,Lesson 5 of Course 72,5,26
394,73,Lesson 1 of Course 73,1,18
395,73,Lesson 2 of Course 73,2,8
396,73,Lesson 3 of Course 73,3,29
397,73,Lesson 4 of Course 73,4,21
398,73,Lesson 5 of Course 73,5,12
399,73,Lesson 6 of Course 73,6,6
400,73,Lesson 7 of Course 73,7,15
401,74,Lesson 1 of Course 74,1,11
402,74,Lesson 2 of Course 74,2,7
403,74,Lesson 3 of Course 74,3,10
404,74,Lesson 4 of Course 74,4,5
405,74,Lesson 5 of Course 74,5,22
406,74,Lesson 6 of Course 74,6,25
407,74,Lesson 7 of Course 74,7,21
408,75,Lesson 1 of Course 75,1,14
409,75,Lesson 2 of Course 75,2,14
410,75,Lesson 3 of Course 75,3,23
411,75,Lesson 4 of Course 75,4,13
412,75,Lesson 5 of Course 75,5,16
413,76,Lesson 1 of Course 76,1,9
414,76,Lesson 2 of Course 76,2,9
415,76,Lesson 3 of Course 76,3,11
416,76,Lesson 4 of Course 76,4,20
417,77,Lesson 1 of Course 77,1,25
418,77,Lesson 2 of Course 77,2,9
419,77,Lesson 3 of Course 77,3,24
420,77,Lesson 4 of Course 77,4,6
421,77,Lesson 5 of Course 77,5,23
422,78,Lesson 1 of Course 78,1,23
423,78,Lesson 2 of Course 78,2,9
424,78,Lesson 3 of Course 78,3,29
425,78,Lesson 4 of Course 78,4,7
426,78,Lesson 5 of Course 78,5,27
427,78,Lesson 6 of Course 78,6,10
428,78,Lesson 7 of Course 78,7,7
429,79,Lesson 1 of Course 79,1,8
430,79,Lesson 2 of Course 79,2,5
431,79,Lesson 3 of Course 79,3,30
432,79,Lesson 4 of Course 79,4,9
433,79,Lesson 5 of Course 79,5,8
434,79,Lesson 6 of Course 79,6,26
435,80,Lesson 1 of Course 80,1,22
436,80,Lesson 2 of Course 80,2,20
437,80,Lesson 3 of Course 80,3,24
438,80,Lesson 4 of Course 80,4,16
439,80,Lesson 5 of Course 80,5,21
440,80,Lesson 6 of Course 80,6,13
441,80,Lesson 7 of Course 80,7,13
442,80,Lesson 8 of Course 80,8,21
443,81,Lesson 1 of Course 81,1,27
444,81,Lesson 2 of Course 81,2,23
445,81,Lesson 3 of Course 81,3,15
446,81,Lesson 4 of Course 81,4,22
447,81,Lesson 5 of Course 81,5,21
448,81,Lesson 6 of Course 81,6,25
449,81,Lesson 7 of Course 81,7,25
450,82,Lesson 1 of Course 82,1,12
451,82,Lesson 2 of Course 82,2,13
452,82,Lesson 3 of Course 82,3,5
453,82,Lesson 4 of Course 82,4,18
454,82,Lesson 5 of Course 82,5,14
455,82,Lesson 6 of Course 82,6,17
456,82,Lesson 7 of Course 82,7,23
457,82,Lesson 8 of Course 82,8,19
458,83,Lesson 1 of Course 83,1,25
459,83,Lesson 2 of Course 83,2,12
460,83,Lesson 3 of Course 83,3,14
461,84,Lesson 1 of Course 84,1,23
462,84,Lesson 2 of Course 84,2,29
463,84,Lesson 3 of Course 84,3,30
464,85,Lesson 1 of Course 85,1,9
465,85,Lesson 2 of Course 85,2,15
466,85,Lesson 3 of Course 85,3,29
467,85,Lesson 4 of Course 85,4,5
468,85,Lesson 5 of Course 85,5,14
469,85,Lesson 6 of Course 85,6,26
470,85,Lesson 7 of Course 85,7,29
471,86,Lesson 1 of Course 86,1,12
472,86,Lesson 2 of Course 86,2,19
473,86,Lesson 3 of Course 86,3,7
474,86,Lesson 4 of Course 86,4,29
475,86,Lesson 5 of Course 86,5,24
476,86,Lesson 6 of Course 86,6,11
477,86,Lesson 7 of Course 86,7,8
478,87,Lesson 1 of Course 87,1,19
479,87,Lesson 2 of Course 87,2,11
480,87,Lesson 3 of Course 87,3,28
481,87,Lesson 4 of Course 87,4,11
482,87,Lesson 5 of Course 87,5,17
483,87,Lesson 6 of Course 87,6,29
484,87,Lesson 7 of Course 87,7,7
485,88,Lesson 1 of Course 88,1,5
486,88,Lesson 2 of Course 88,2,29
487,88,Lesson 3 of Course 88,3,19
488,88,Lesson 4 of Course 88,4,5
489,89,Lesson 1 of Course 89,1,20
490,89,Lesson 2 of Course 89,2,20
491,89,Lesson 3 of Course 89,3,24
492,89,Lesson 4 of Course 89,4,26
493,90,Lesson 1 of Course 90,1,20
494,90,Lesson 2 of Course 90,2,15
495,90,Lesson 3 of Course 90,3,6
496,90,Lesson 4 of Course 90,4,10
497,91,Lesson 1 of Course 91,1,10
498,91,Lesson 2 of Course 91,2,14
499,91,Lesson 3 of Course 91,3,9
500,91,Lesson 4 of Course 91,4,7
501,91,Lesson 5 of Course 91,5,14
502,91,Lesson 6 of Course 91,6,24
503,91,Lesson 7 of Course 91,7,12
504,91,Lesson 8 of Course 91,8,19
505,92,Lesson 1 of Course 92,1,28
506,92,Lesson 2 of Course 92,2,7
507,92,Lesson 3 of Course 92,3,8
508,92,Lesson 4 of Course 92,4,24
509,92,Lesson 5 of Course 92,5,28
510,93,Lesson 1 of Course 93,1,12
511,93,Lesson 2 of Course 93,2,11
512,93,Lesson 3 of Course 93,3,28
513,93,Lesson 4 of Course 93,4,29
514,93,Lesson 5 of Course 93,5,25
515,94,Lesson 1 of Course 94,1,11
516,94,Lesson 2 of Course 94,2,23
517,94,Lesson 3 of Course 94,3,7
518,94,Lesson 4 of Course 94,4,7
519,94,Lesson 5 of Course 94,5,6
520,95,Lesson 1 of Course 95,1,25
521,95,Lesson 2 of Course 95,2,18
522,95,Lesson 3 of Course 95,3,27
523,96,Lesson 1 of Course 96,1,7
524,96,Lesson 2 of Course 96,2,21
525,96,Lesson 3 of Course 96,3,23
526,96,Lesson 4 of Course 96,4,14
527,96,Lesson 5 of Course 96,5,29
528,97,Lesson 1 of Course 97,1,25
529,97,Lesson 2 of Course 97,2,5
530,97,Lesson 3 of Course 97,3,14
531,97,Lesson 4 of Course 97,4,9
532,97,Lesson 5 of Course 97,5,11
533,97,Lesson 6 of Course 97,6,20
534,97,Lesson 7 of Course 97,7,21
535,98,Lesson 1 of Course 98,1,20
536,98,Lesson 2 of Course 98,2,6
537,98,Lesson 3 of Course 98,3,11
538,98,Lesson 4 of Course 98,4,24
539,98,Lesson 5 of Course 98,5,16
540,99,Lesson 1 of Course 99,1,18
541,99,Lesson 2 of Course 99,2,25
542,99,Lesson 3 of Course 99,3,24
543,100,Lesson 1 of Course 100,1,10
544,100,Lesson 2 of Course 100,2,30
545,100,Lesson 3 of Course 100,3,20
546,100,Lesson 4 of Course 100,4,8
547,100,Lesson 5 of Course 100,5,16
548,100,Lesson 6 of Course 100,6,8
549,100,Lesson 7 of Course 100,7,17
550,101,Lesson 1 of Course 101,1,6
551,101,Lesson 2 of Course 101,2,10
552,101,Lesson 3 of Course 101,3,27
553,101,Lesson 4 of Course 101,4,23
554,101,Lesson 5 of Course 101,5,8
555,101,Lesson 6 of Course 101,6,30
556,102,Lesson 1 of Course 102,1,25
557,102,Lesson 2 of Course 102,2,26
558,102,Lesson 3 of Course 102,3,19
559,102,Lesson 4 of Course 102,4,7
560,102,Lesson 5 of Course 102,5,6
561,102,Lesson 6 of Course 102,6,16
562,102,Lesson 7 of Course 102,7,11
563,102,Lesson 8 of Course 102,8,19
564,103,Lesson 1 of Course 103,1,26
565,103,Lesson 2 of Course 103,2,20
566,103,Lesson 3 of Course 103,3,20
567,103,Lesson 4 of Course 103,4,8
568,104,Lesson 1 of Course 104,1,28
569,104,Lesson 2 of Course 104,2,21
570,104,Lesson 3 of Course 104,3,26
571,104,Lesson 4 of Course 104,4,5
572,105,Lesson 1 of Course 105,1,11
573,105,Lesson 2 of Course 105,2,23
574,105,Lesson 3 of Course 105,3,10
575,105,Lesson 4 of Course 105,4,13
576,105,Lesson 5 of Course 105,5,6
577,105,Lesson 6 of Course 105,6,5
578,105,Lesson 7 of Course 105,7,6
579,106,Lesson 1 of Course 106,1,5
580,106,Lesson 2 of Course 106,2,21
581,106,Lesson 3 of Course 106,3,22
582,106,Lesson 4 of Course 106,4,19
583,107,Lesson 1 of Course 107,1,19
584,107,Lesson 2 of Course 107,2,27
585,107,Lesson 3 of Course 107,3,17
586,107,Lesson 4 of Course 107,4,30
587,107,Lesson 5 of Course 107,5,27
588,107,Lesson 6 of Course 107,6,6
589,107,Lesson 7 of Course 107,7,8
590,108,Lesson 1 of Course 108,1,10
591,108,Lesson 2 of Course 108,2,10
592,108,Lesson 3 of Course 108,3,12
593,108,Lesson 4 of Course 108,4,19
594,108,Lesson 5 of Course 108,5,6
595,108,Lesson 6 of Course 108,6,18
596,109,Lesson 1 of Course 109,1,13
597,109,Lesson 2 of Course 109,2,12
598,109,Lesson 3 of Course 109,3,29
599,109,Lesson 4 of Course 109,4,29
600,109,Lesson 5 of Course 109,5,21
601,109,Lesson 6 of Course 109,6,23
602,110,Lesson 1 of Course 110,1,27
603,110,Lesson 2 of Course 110,2,13
604,110,Lesson 3 of Course 110,3,22
605,110,Lesson 4 of Course 110,4,9
606,111,Lesson 1 of Course 111,1,14
607,111,Lesson 2 of Course 111,2,10
608,111,Lesson 3 of Course 111,3,26
609,111,Lesson 4 of Course 111,4,17
610,111,Lesson 5 of Course 111,5,13
611,111,Lesson 6 of Course 111,6,29
612,111,Lesson 7 of Course 111,7,10
613,112,Lesson 1 of Course 112,1,23
614,112,Lesson 2 of Course 112,2,8
615,112,Lesson 3 of Course 112,3,22
616,112,Lesson 4 of Course 112,4,29
617,112,Lesson 5 of Course 112,5,16
618,112,Lesson 6 of Course 112,6,15
619,112,Lesson 7 of Course 112,7,6
620,112,Lesson 8 of Course 112,8,14
621,113,Lesson 1 of Course 113,1,27
622,113,Lesson 2 of Course 113,2,17
623,113,Lesson 3 of Course 113,3,8
624,113,Lesson 4 of Course 113,4,30
625,113,Lesson 5 of Course 113,5,8
626,113,Lesson 6 of Course 113,6,27
627,114,Lesson 1 of Course 114,1,24
628,114,Lesson 2 of Course 114,2,14
629,114,Lesson 3 of Course 114,3,17
630,114,Lesson 4 of Course 114,4,23
631,114,Lesson 5 of Course 114,5,14
632,114,Lesson 6 of Course 114,6,6
633,114,Lesson 7 of Course 114,7,23
634,115,Lesson 1 of Course 115,1,6
635,115,Lesson 2 of Course 115,2,18
636,115,Lesson 3 of Course 115,3,26
637,115,Lesson 4 of Course 115,4,13
638,115,Lesson 5 of Course 115,5,28
639,115,Lesson 6 of Course 115,6,25
640,115,Lesson 7 of Course 115,7,23
641,116,Lesson 1 of Course 116,1,26
642,116,Lesson 2 of Course 116,2,22
643,116,Lesson 3 of Course 116,3,13
644,116,Lesson 4 of Course 116,4,15
645,116,Lesson 5 of Course 116,5,17
646,117,Lesson 1 of Course 117,1,9
647,117,Lesson 2 of Course 117,2,17
648,117,Lesson 3 of Course 117,3,9
649,117,Lesson 4 of Course 117,4,21
650,117,Lesson 5 of Course 117,5,21
651,118,Lesson 1 of Course 118,1,19
652,118,Lesson 2 of Course 118,2,6
653,118,Lesson 3 of Course 118,3,27
654,119,Lesson 1 of Course 119,1,7
655,119,Lesson 2 of Course 119,2,15
656,119,Lesson 3 of Course 119,3,7
657,119,Lesson 4 of Course 119,4,20
658,120,Lesson 1 of Course 120,1,14
659,120,Lesson 2 of Course 120,2,30
660,120,Lesson 3 of Course 120,3,21
661,120,Lesson 4 of Course 120,4,17
662,120,Lesson 5 of Course 120,5,26
663,120,Lesson 6 of Course 120,6,23
664,120,Lesson 7 of Course 120,7,21
665,121,Lesson 1 of Course 121,1,21
666,121,Lesson 2 of Course 121,2,19
667,121,Lesson 3 of Course 121,3,6
668,121,Lesson 4 of Course 121,4,27
669,121,Lesson 5 of Course 121,5,5
670,121,Lesson 6 of Course 121,6,7
671,121,Lesson 7 of Course 121,7,22
672,122,Lesson 1 of Course 122,1,23
673,122,Lesson 2 of Course 122,2,9
674,122,Lesson 3 of Course 122,3,28
675,122,Lesson 4 of Course 122,4,10
676,122,Lesson 5 of Course 122,5,14
677,122,Lesson 6 of Course 122,6,17
678,123,Lesson 1 of Course 123,1,27
679,123,Lesson 2 of Course 123,2,18
680,123,Lesson 3 of Course 123,3,26
681,123,Lesson 4 of Course 123,4,15
682,123,Lesson 5 of Course 123,5,15
683,123,Lesson 6 of Course 123,6,9
684,123,Lesson 7 of Course 123,7,27
685,123,Lesson 8 of Course 123,8,6
686,124,Lesson 1 of Course 124,1,30
687,124,Lesson 2 of Course 124,2,14
688,124,Lesson 3 of Course 124,3,22
689,124,Lesson 4 of Course 124,4,9
690,124,Lesson 5 of Course 124,5,12
691,124,Lesson 6 of Course 124,6,7
692,125,Lesson 1 of Course 125,1,9
693,125,Lesson 2 of Course 125,2,18
694,125,Lesson 3 of Course 125,3,19
695,125,Lesson 4 of Course 125,4,22
696,126,Lesson 1 of Course 126,1,10
697,126,Lesson 2 of Course 126,2,6
698,126,Lesson 3 of Course 126,3,21
699,127,Lesson 1 of Course 127,1,13
700,127,Lesson 2 of Course 127,2,8
701,127,Lesson 3 of Course 127,3,11
702,127,Lesson 4 of Course 127,4,10
703,127,Lesson 5 of Course 127,5,5
704,127,Lesson 6 of Course 127,6,6
705,127,Lesson 7 of Course 127,7,22
706,127,Lesson 8 of Course 127,8,22
707,128,Lesson 1 of Course 128,1,27
708,128,Lesson 2 of Course 128,2,22
709,128,Lesson 3 of Course 128,3,20
710,128,Lesson 4 of Course 128,4,9
711,128,Lesson 5 of Course 128,5,25
712,128,Lesson 6 of Course 128,6,18
713,128,Lesson 7 of Course 128,7,16
714,128,Lesson 8 of Course 128,8,10
715,129,Lesson 1 of Course 129,1,15
716,129,Lesson 2 of Course 129,2,5
717,129,Lesson 3 of Course 129,3,26
718,129,Lesson 4 of Course 129,4,28
719,129,Lesson 5 of Course 129,5,22
720,130,Lesson 1 of Course 130,1,6
721,130,Lesson 2 of Course 130,2,27
722,130,Lesson 3 of Course 130,3,16
723,130,Lesson 4 of Course 130,4,13
724,130,Lesson 5 of Course 130,5,7
725,131,Lesson 1 of Course 131,1,15
726,131,Lesson 2 of Course 131,2,25
727,131,Lesson 3 of Course 131,3,6
728,132,Lesson 1 of Course 132,1,10
729,132,Lesson 2 of Course 132,2,21
730,132,Lesson 3 of Course 132,3,23
731,132,Lesson 4 of Course 132,4,18
732,132,Lesson 5 of Course 132,5,13
733,132,Lesson 6 of Course 132,6,11
734,132,Lesson 7 of Course 132,7,30
735,133,Lesson 1 of Course 133,1,7
736,133,Lesson 2 of Course 133,2,29
737,133,Lesson 3 of Course 133,3,28
738,133,Lesson 4 of Course 133,4,24
739,133,Lesson 5 of Course 133,5,28
740,133,Lesson 6 of Course 133,6,16
741,134,Lesson 1 of Course 134,1,18
742,134,Lesson 2 of Course 134,2,7
743,134,Lesson 3 of Course 134,3,9
744,134,Lesson 4 of Course 134,4,16
745,134,Lesson 5 of Course 134,5,25
746,135,Lesson 1 of Course 135,1,22
747,135,Lesson 2 of Course 135,2,7
748,135,Lesson 3 of Course 135,3,12
749,135,Lesson 4 of Course 135,4,24
750,135,Lesson 5 of Course 135,5,12
751,136,Lesson 1 of Course 136,1,25
752,136,Lesson 2 of Course 136,2,23
753,136,Lesson 3 of Course 136,3,14
754,136,Lesson 4 of Course 136,4,7
755,136,Lesson 5 of Course 136,5,17
756,136,Lesson 6 of Course 136,6,27
757,136,Lesson 7 of Course 136,7,6
758,136,Lesson 8 of Course 136,8,9
759,137,Lesson 1 of Course 137,1,15
760,137,Lesson 2 of Course 137,2,26
761,137,Lesson 3 of Course 137,3,23
762,137,Lesson 4 of Course 137,4,8
763,137,Lesson 5 of Course 137,5,24
764,137,Lesson 6 of Course 137,6,15
765,138,Lesson 1 of Course 138,1,11
766,138,Lesson 2 of Course 138,2,30
767,138,Lesson 3 of Course 138,3,27
768,138,Lesson 4 of Course 138,4,11
769,138,Lesson 5 of Course 138,5,25
770,138,Lesson 6 of Course 138,6,5
771,138,Lesson 7 of Course 138,7,23
772,138,Lesson 8 of Course 138,8,29
773,139,Lesson 1 of Course 139,1,24
774,139,Lesson 2 of Course 139,2,10
775,139,Lesson 3 of Course 139,3,19
776,139,Lesson 4 of Course 139,4,28
777,140,Lesson 1 of Course 140,1,30
778,140,Lesson 2 of Course 140,2,20
779,140,Lesson 3 of Course 140,3,19
780,140,Lesson 4 of Course 140,4,29
781,140,Lesson 5 of Course 140,5,6
782,140,Lesson 6 of Course 140,6,25
783,140,Lesson 7 of Course 140,7,7
784,141,Lesson 1 of Course 141,1,20
785,141,Lesson 2 of Course 141,2,7
786,141,Lesson 3 of Course 141,3,23
787,142,Lesson 1 of Course 142,1,12
788,142,Lesson 2 of Course 142,2,18
789,142,Lesson 3 of Course 142,3,14
790,142,Lesson 4 of Course 142,4,28
791,142,Lesson 5 of Course 142,5,8
792,142,Lesson 6 of Course 142,6,11
793,142,Lesson 7 of Course 142,7,29
794,142,Lesson 8 of Course 142,8,7
795,143,Lesson 1 of Course 143,1,22
796,143,Lesson 2 of Course 143,2,5
797,143,Lesson 3 of Course 143,3,5
798,143,Lesson 4 of Course 143,4,6
799,144,Lesson 1 of Course 144,1,8
800,144,Lesson 2 of Course 144,2,23
801,144,Lesson 3 of Course 144,3,20
802,144,Lesson 4 of Course 144,4,19
803,144,Lesson 5 of Course 144,5,19
804,144,Lesson 6 of Course 144,6,17
805,144,Lesson 7 of Course 144,7,30
806,144,Lesson 8 of Course 144,8,18
807,145,Lesson 1 of Course 145,1,24
808,145,Lesson 2 of Course 145,2,17
809,145,Lesson 3 of Course 145,3,7
810,145,Lesson 4 of Course 145,4,29
811,145,Lesson 5 of Course 145,5,16
812,145,Lesson 6 of Course 145,6,24
813,146,Lesson 1 of Course 146,1,7
814,146,Lesson 2 of Course 146,2,30
815,146,Lesson 3 of Course 146,3,23
816,146,Lesson 4 of Course 146,4,25
817,146,Lesson 5 of Course 146,5,18
818,146,Lesson 6 of Course 146,6,29
819,146,Lesson 7 of Course 146,7,16
820,146,Lesson 8 of Course 146,8,8
821,147,Lesson 1 of Course 147,1,25
822,147,Lesson 2 of Course 147,2,19
823,147,Lesson 3 of Course 147,3,15
824,147,Lesson 4 of Course 147,4,10
825,147,Lesson 5 of Course 147,5,26
826,147,Lesson 6 of Course 147,6,7
827,148,Lesson 1 of Course 148,1,9
828,148,Lesson 2 of Course 148,2,8
829,148,Lesson 3 of Course 148,3,22
830,149,Lesson 1 of Course 149,1,9
831,149,Lesson 2 of Course 149,2,7
832,149,Lesson 3 of Course 149,3,26
833,149,Lesson 4 of Course 149,4,24
834,150,Lesson 1 of Course 150,1,7
835,150,Lesson 2 of Course 150,2,7
836,150,Lesson 3 of Course 150,3,16
837,150,Lesson 4 of Course 150,4,10
838,150,Lesson 5 of Course 150,5,9
839,150,Lesson 6 of Course 150,6,7
840,150,Lesson 7 of Course 150,7,13
841,150,Lesson 8 of Course 150,8,11
842,151,Lesson 1 of Course 151,1,25
843,151,Lesson 2 of Course 151,2,18
844,151,Lesson 3 of Course 151,3,23
845,151,Lesson 4 of Course 151,4,20
846,151,Lesson 5 of Course 151,5,15
847,151,Lesson 6 of Course 151,6,15
848,151,Lesson 7 of Course 151,7,9
849,151,Lesson 8 of Course 151,8,19
850,152,Lesson 1 of Course 152,1,16
851,152,Lesson 2 of Course 152,2,19
852,152,Lesson 3 of Course 152,3,7
853,152,Lesson 4 of Course 152,4,26
854,152,Lesson 5 of Course 152,5,23
855,153,Lesson 1 of Course 153,1,14
856,153,Lesson 2 of Course 153,2,11
857,153,Lesson 3 of Course 153,3,30
858,153,Lesson 4 of Course 153,4,19
859,153,Lesson 5 of Course 153,5,30
860,153,Lesson 6 of Course 153,6,27
861,154,Lesson 1 of Course 154,1,11
862,154,Lesson 2 of Course 154,2,12
863,154,Lesson 3 of Course 154,3,7
864,154,Lesson 4 of Course 154,4,18
865,154,Lesson 5 of Course 154,5,18
866,154,Lesson 6 of Course 154,6,23
867,155,Lesson 1 of Course 155,1,30
868,155,Lesson 2 of Course 155,2,6
869,155,Lesson 3 of Course 155,3,12
870,156,Lesson 1 of Course 156,1,5
871,156,Lesson 2 of Course 156,2,11
872,156,Lesson 3 of Course 156,3,7
873,156,Lesson 4 of Course 156,4,18
874,157,Lesson 1 of Course 157,1,8
875,157,Lesson 2 of Course 157,2,25
876,157,Lesson 3 of Course 157,3,27
877,157,Lesson 4 of Course 157,4,21
878,157,Lesson 5 of Course 157,5,19
879,158,Lesson 1 of Course 158,1,24
880,158,Lesson 2 of Course 158,2,18
881,158,Lesson 3 of Course 158,3,18
882,158,Lesson 4 of Course 158,4,14
883,158,Lesson 5 of Course 158,5,10
884,158,Lesson 6 of Course 158,6,20
885,159,Lesson 1 of Course 159,1,8
886,159,Lesson 2 of Course 159,2,19
887,159,Lesson 3 of Course 159,3,27
888,159,Lesson 4 of Course 159,4,19
889,159,Lesson 5 of Course 159,5,20
890,159,Lesson 6 of Course 159,6,29
891,160,Lesson 1 of Course 160,1,30
892,160,Lesson 2 of Course 160,2,25
893,160,Lesson 3 of Course 160,3,21
894,160,Lesson 4 of Course 160,4,23
895,160,Lesson 5 of Course 160,5,28
896,160,Lesson 6 of Course 160,6,8
897,161,Lesson 1 of Course 161,1,13
898,161,Lesson 2 of Course 161,2,29
899,161,Lesson 3 of Course 161,3,12
900,161,Lesson 4 of Course 161,4,13
901,161,Lesson 5 of Course 161,5,22
902,161,Lesson 6 of Course 161,6,23
903,161,Lesson 7 of Course 161,7,9
904,161,Lesson 8 of Course 161,8,12
905,162,Lesson 1 of Course 162,1,18
906,162,Lesson 2 of Course 162,2,23
907,162,Lesson 3 of Course 162,3,9
908,162,Lesson 4 of Course 162,4,8
909,162,Lesson 5 of Course 162,5,10
910,162,Lesson 6 of Course 162,6,12
911,163,Lesson 1 of Course 163,1,6
912,163,Lesson 2 of Course 163,2,30
913,163,Lesson 3 of Course 163,3,7
914,163,Lesson 4 of Course 163,4,29
915,163,Lesson 5 of Course 163,5,16
916,164,Lesson 1 of Course 164,1,25
917,164,Lesson 2 of Course 164,2,28
918,164,Lesson 3 of Course 164,3,25
919,164,Lesson 4 of Course 164,4,9
920,164,Lesson 5 of Course 164,5,13
921,164,Lesson 6 of Course 164,6,11
922,164,Lesson 7 of Course 164,7,29
923,165,Lesson 1 of Course 165,1,25
924,165,Lesson 2 of Course 165,2,23
925,165,Lesson 3 of Course 165,3,11
926,165,Lesson 4 of Course 165,4,5
927,165,Lesson 5 of Course 165,5,22
928,165,Lesson 6 of Course 165,6,28
929,165,Lesson 7 of Course 165,7,5
930,166,Lesson 1 of Course 166,1,6
931,166,Lesson 2 of Course 166,2,7
932,166,Lesson 3 of Course 166,3,28
933,166,Lesson 4 of Course 166,4,24
934,167,Lesson 1 of Course 167,1,5
935,167,Lesson 2 of Course 167,2,11
936,167,Lesson 3 of Course 167,3,10
937,167,Lesson 4 of Course 167,4,27
938,167,Lesson 5 of Course 167,5,5
939,168,Lesson 1 of Course 168,1,19
940,168,Lesson 2 of Course 168,2,15
941,168,Lesson 3 of Course 168,3,18
942,168,Lesson 4 of Course 168,4,20
943,168,Lesson 5 of Course 168,5,14
944,168,Lesson 6 of Course 168,6,22
945,169,Lesson 1 of Course 169,1,9
946,169,Lesson 2 of Course 169,2,25
947,169,Lesson 3 of Course 169,3,22
948,170,Lesson 1 of Course 170,1,11
949,170,Lesson 2 of Course 170,2,14
950,170,Lesson 3 of Course 170,3,28
951,170,Lesson 4 of Course 170,4,11
952,170,Lesson 5 of Course 170,5,17
953,171,Lesson 1 of Course 171,1,30
954,171,Lesson 2 of Course 171,2,23
955,171,Lesson 3 of Course 171,3,28
956,171,Lesson 4 of Course 171,4,16
957,171,Lesson 5 of Course 171,5,9
958,172,Lesson 1 of Course 172,1,29
959,172,Lesson 2 of Course 172,2,11
960,172,Lesson 3 of Course 172,3,7
961,172,Lesson 4 of Course 172,4,12
962,172,Lesson 5 of Course 172,5,6
963,172,Lesson 6 of Course 172,6,25
964,173,Lesson 1 of Course 173,1,10
965,173,Lesson 2 of Course 173,2,6
966,173,Lesson 3 of Course 173,3,19
967,173,Lesson 4 of Course 173,4,19
968,173,Lesson 5 of Course 173,5,21
969,173,Lesson 6 of Course 173,6,16
970,173,Lesson 7 of Course 173,7,14
971,173,Lesson 8 of Course 173,8,5
972,174,Lesson 1 of Course 174,1,20
973,174,Lesson 2 of Course 174,2,16
974,174,Lesson 3 of Course 174,3,10
975,175,Lesson 1 of Course 175,1,11
976,175,Lesson 2 of Course 175,2,9
977,175,Lesson 3 of Course 175,3,17
978,176,Lesson 1 of Course 176,1,30
979,176,Lesson 2 of Course 176,2,25
980,176,Lesson 3 of Course 176,3,21
981,176,Lesson 4 of Course 176,4,8
982,176,Lesson 5 of Course 176,5,22
983,176,Lesson 6 of Course 176,6,5
984,176,Lesson 7 of Course 176,7,26
985,176,Lesson 8 of Course 176,8,26
986,177,Lesson 1 of Course 177,1,5
987,177,Lesson 2 of Course 177,2,8
988,177,Lesson 3 of Course 177,3,24
989,177,Lesson 4 of Course 177,4,23
990,178,Lesson 1 of Course 178,1,6
991,178,Lesson 2 of Course 178,2,8
992,178,Lesson 3 of Course 178,3,17
993,178,Lesson 4 of Course 178,4,17
994,178,Lesson 5 of Course 178,5,20
995,178,Lesson 6 of Course 178,6,30
996,178,Lesson 7 of Course 178,7,19
997,178,Lesson 8 of Course 178,8,6
998,179,Lesson 1 of Course 179,1,19
999,179,Lesson 2 of Course 179,2,6
1000,179,Lesson 3 of Course 179,3,17
1001,179,Lesson 4 of Course 179,4,8
1002,179,Lesson 5 of Course 179,5,7
1003,179,Lesson 6 of Course 179,6,8
1004,179,Lesson 7 of Course 179,7,23
1005,180,Lesson 1 of Course 180,1,6
1006,180,Lesson 2 of Course 180,2,15
1007,180,Lesson 3 of Course 180,3,17
1008,180,Lesson 4 of Course 180,4,27
1009,180,Lesson 5 of Course 180,5,16
1010,180,Lesson 6 of Course 180,6,9
1011,180,Lesson 7 of Course 180,7,22
1012,181,Lesson 1 of Course 181,1,17
1013,181,Lesson 2 of Course 181,2,11
1014,181,Lesson 3 of Course 181,3,29
1015,181,Lesson 4 of Course 181,4,14
1016,181,Lesson 5 of Course 181,5,18
1017,181,Lesson 6 of Course 181,6,14
1018,181,Lesson 7 of Course 181,7,18
1019,182,Lesson 1 of Course 182,1,6
1020,182,Lesson 2 of Course 182,2,8
1021,182,Lesson 3 of Course 182,3,28
1022,182,Lesson 4 of Course 182,4,15
1023,182,Lesson 5 of Course 182,5,19
1024,182,Lesson 6 of Course 182,6,25
1025,182,Lesson 7 of Course 182,7,14
1026,182,Lesson 8 of Course 182,8,11
1027,183,Lesson 1 of Course 183,1,14
1028,183,Lesson 2 of Course 183,2,15
1029,183,Lesson 3 of Course 183,3,25
1030,183,Lesson 4 of Course 183,4,27
1031,183,Lesson 5 of Course 183,5,30
1032,183,Lesson 6 of Course 183,6,9
1033,183,Lesson 7 of Course 183,7,19
1034,184,Lesson 1 of Course 184,1,28
1035,184,Lesson 2 of Course 184,2,30
1036,184,Lesson 3 of Course 184,3,25
1037,184,Lesson 4 of Course 184,4,13
1038,184,Lesson 5 of Course 184,5,26
1039,184,Lesson 6 of Course 184,6,23
1040,185,Lesson 1 of Course 185,1,30
1041,185,Lesson 2 of Course 185,2,19
1042,185,Lesson 3 of Course 185,3,8
1043,185,Lesson 4 of Course 185,4,22
1044,186,Lesson 1 of Course 186,1,22
1045,186,Lesson 2 of Course 186,2,23
1046,186,Lesson 3 of Course 186,3,8
1047,186,Lesson 4 of Course 186,4,15
1048,186,Lesson 5 of Course 186,5,19
1049,186,Lesson 6 of Course 186,6,7
1050,186,Lesson 7 of Course 186,7,22
1051,187,Lesson 1 of Course 187,1,11
1052,187,Lesson 2 of Course 187,2,27
1053,187,Lesson 3 of Course 187,3,26
1054,188,Lesson 1 of Course 188,1,22
1055,188,Lesson 2 of Course 188,2,21
1056,188,Lesson 3 of Course 188,3,23
1057,188,Lesson 4 of Course 188,4,25
1058,188,Lesson 5 of Course 188,5,15
1059,188,Lesson 6 of Course 188,6,5
1060,189,Lesson 1 of Course 189,1,16
1061,189,Lesson 2 of Course 189,2,12
1062,189,Lesson 3 of Course 189,3,15
1063,189,Lesson 4 of Course 189,4,19
1064,189,Lesson 5 of Course 189,5,23
1065,189,Lesson 6 of Course 189,6,16
1066,189,Lesson 7 of Course 189,7,7
1067,190,Lesson 1 of Course 190,1,26
1068,190,Lesson 2 of Course 190,2,11
1069,190,Lesson 3 of Course 190,3,11
1070,191,Lesson 1 of Course 191,1,13
1071,191,Lesson 2 of Course 191,2,16
1072,191,Lesson 3 of Course 191,3,5
1073,191,Lesson 4 of Course 191,4,8
1074,191,Lesson 5 of Course 191,5,25
1075,191,Lesson 6 of Course 191,6,11
1076,192,Lesson 1 of Course 192,1,20
1077,192,Lesson 2 of Course 192,2,23
1078,192,Lesson 3 of Course 192,3,25
1079,192,Lesson 4 of Course 192,4,19
1080,193,Lesson 1 of Course 193,1,28
1081,193,Lesson 2 of Course 193,2,14
1082,193,Lesson 3 of Course 193,3,17
1083,193,Lesson 4 of Course 193,4,13
1084,193,Lesson 5 of Course 193,5,20
1085,193,Lesson 6 of Course 193,6,8
1086,194,Lesson 1 of Course 194,1,27
1087,194,Lesson 2 of Course 194,2,13
1088,194,Lesson 3 of Course 194,3,19
1089,194,Lesson 4 of Course 194,4,28
1090,194,Lesson 5 of Course 194,5,11
1091,194,Lesson 6 of Course 194,6,15
1092,195,Lesson 1 of Course 195,1,18
1093,195,Lesson 2 of Course 195,2,20
1094,195,Lesson 3 of Course 195,3,6
1095,195,Lesson 4 of Course 195,4,21
1096,195,Lesson 5 of Course 195,5,25
1097,195,Lesson 6 of Course 195,6,9
1098,195,Lesson 7 of Course 195,7,8
1099,196,Lesson 1 of Course 196,1,30
1100,196,Lesson 2 of Course 196,2,13
1101,196,Lesson 3 of Course 196,3,30
1102,196,Lesson 4 of Course 196,4,10
1103,196,Lesson 5 of Course 196,5,18
1104,196,Lesson 6 of Course 196,6,9
1105,196,Lesson 7 of Course 196,7,22
1106,197,Lesson 1 of Course 197,1,12
1107,197,Lesson 2 of Course 197,2,9
1108,197,Lesson 3 of Course 197,3,24
1109,197,Lesson 4 of Course 197,4,11
1110,197,Lesson 5 of Course 197,5,10
1111,197,Lesson 6 of Course 197,6,16
1112,197,Lesson 7 of Course 197,7,9
1113,198,Lesson 1 of Course 198,1,27
1114,198,Lesson 2 of Course 198,2,23
1115,198,Lesson 3 of Course 198,3,7
1116,198,Lesson 4 of Course 198,4,30
1117,198,Lesson 5 of Course 198,5,10
1118,198,Lesson 6 of Course 198,6,18
1119,198,Lesson 7 of Course 198,7,27
1120,198,Lesson 8 of Course 198,8,13
1121,199,Lesson 1 of Course 199,1,23
1122,199,Lesson 2 of Course 199,2,24
1123,199,Lesson 3 of Course 199,3,8
1124,199,Lesson 4 of Course 199,4,30
1125,199,Lesson 5 of Course 199,5,12
1126,200,Lesson 1 of Course 200,1,12
1127,200,Lesson 2 of Course 200,2,26
1128,200,Lesson 3 of Course 200,3,26
1129,200,Lesson 4 of Course 200,4,9
1130,200,Lesson 5 of Course 200,5,9
1131,200,Lesson 6 of Course 200,6,9
1132,200,Lesson 7 of Course 200,7,14
1133,200,Lesson 8 of Course 200,8,13
